"numero_aula";"codigo_aula";"modulo";"nome_modulo";"status_aula";"tipo_aula";"titulo_aula";"arquivo_md";"conteudo_principal";"fonte_decisao";"regra_continuidade"
"636";"M19.26";"M19";"Arquitetura, DDD, sistemas distribuidos e lideranca tecnica";"PLANEJADA_RECONSTRUIDA";"Aula pratica guiada";"PACELC";"636_M19_26_PACELC_OFICIAL.md";"Aula planejada: PACELC. Formar raciocinio de engenharia e arquitetura: fronteiras, DDD, sistemas distribuidos, trade-offs e lideranca tecnica.";"GRADE_RECONSTRUIDA_CONTINUIDADE_FINAL_POS_635";"Gerar somente quando chegar nesta aula. Validar contra a aula anterior imediata, manter numeracao, modulo, laboratorio, escopo e ponte."
"637";"M19.27";"M19";"Arquitetura, DDD, sistemas distribuidos e lideranca tecnica";"PLANEJADA_RECONSTRUIDA";"Aula pratica guiada";"Idempotencia avancada";"637_M19_27_IDEMPOTENCIA_AVANCADA_OFICIAL.md";"Aula planejada: Idempotencia avancada. Formar raciocinio de engenharia e arquitetura: fronteiras, DDD, sistemas distribuidos, trade-offs e lideranca tecnica.";"GRADE_RECONSTRUIDA_CONTINUIDADE_FINAL_POS_635";"Gerar somente quando chegar nesta aula. Validar contra a aula anterior imediata, manter numeracao, modulo, laboratorio, escopo e ponte."
"638";"M19.28";"M19";"Arquitetura, DDD, sistemas distribuidos e lideranca tecnica";"PLANEJADA_RECONSTRUIDA";"Aula pratica guiada";"Multi tenancy arquitetura";"638_M19_28_MULTI_TENANCY_ARQUITETURA_OFICIAL.md";"Aula planejada: Multi tenancy arquitetura. Formar raciocinio de engenharia e arquitetura: fronteiras, DDD, sistemas distribuidos, trade-offs e lideranca tecnica.";"GRADE_RECONSTRUIDA_CONTINUIDADE_FINAL_POS_635";"Gerar somente quando chegar nesta aula. Validar contra a aula anterior imediata, manter numeracao, modulo, laboratorio, escopo e ponte."
"639";"M19.29";"M19";"Arquitetura, DDD, sistemas distribuidos e lideranca tecnica";"PLANEJADA_RECONSTRUIDA";"Aula pratica guiada";"Escalabilidade horizontal vertical";"639_M19_29_ESCALABILIDADE_HORIZONTAL_VERTICAL_OFICIAL.md";"Aula planejada: Escalabilidade horizontal vertical. Formar raciocinio de engenharia e arquitetura: fronteiras, DDD, sistemas distribuidos, trade-offs e lideranca tecnica.";"GRADE_RECONSTRUIDA_CONTINUIDADE_FINAL_POS_635";"Gerar somente quando chegar nesta aula. Validar contra a aula anterior imediata, manter numeracao, modulo, laboratorio, escopo e ponte."
"640";"M19.30";"M19";"Arquitetura, DDD, sistemas distribuidos e lideranca tecnica";"PLANEJADA_RECONSTRUIDA";"Aula pratica guiada";"Resiliencia arquitetural";"640_M19_30_RESILIENCIA_ARQUITETURAL_OFICIAL.md";"Aula planejada: Resiliencia arquitetural. Formar raciocinio de engenharia e arquitetura: fronteiras, DDD, sistemas distribuidos, trade-offs e lideranca tecnica.";"GRADE_RECONSTRUIDA_CONTINUIDADE_FINAL_POS_635";"Gerar somente quando chegar nesta aula. Validar contra a aula anterior imediata, manter numeracao, modulo, laboratorio, escopo e ponte."
"641";"M19.31";"M19";"Arquitetura, DDD, sistemas distribuidos e lideranca tecnica";"PLANEJADA_RECONSTRUIDA";"Aula pratica guiada";"Design de sistemas parte 1";"641_M19_31_DESIGN_DE_SISTEMAS_PARTE_1_OFICIAL.md";"Aula planejada: Design de sistemas parte 1. Formar raciocinio de engenharia e arquitetura: fronteiras, DDD, sistemas distribuidos, trade-offs e lideranca tecnica.";"GRADE_RECONSTRUIDA_CONTINUIDADE_FINAL_POS_635";"Gerar somente quando chegar nesta aula. Validar contra a aula anterior imediata, manter numeracao, modulo, laboratorio, escopo e ponte."
"642";"M19.32";"M19";"Arquitetura, DDD, sistemas distribuidos e lideranca tecnica";"PLANEJADA_RECONSTRUIDA";"Aula pratica guiada";"Design de sistemas parte 2";"642_M19_32_DESIGN_DE_SISTEMAS_PARTE_2_OFICIAL.md";"Aula planejada: Design de sistemas parte 2. Formar raciocinio de engenharia e arquitetura: fronteiras, DDD, sistemas distribuidos, trade-offs e lideranca tecnica.";"GRADE_RECONSTRUIDA_CONTINUIDADE_FINAL_POS_635";"Gerar somente quando chegar nesta aula. Validar contra a aula anterior imediata, manter numeracao, modulo, laboratorio, escopo e ponte."
"643";"M19.33";"M19";"Arquitetura, DDD, sistemas distribuidos e lideranca tecnica";"PLANEJADA_RECONSTRUIDA";"Aula pratica guiada";"Trade offs tecnicos";"643_M19_33_TRADE_OFFS_TECNICOS_OFICIAL.md";"Aula planejada: Trade offs tecnicos. Formar raciocinio de engenharia e arquitetura: fronteiras, DDD, sistemas distribuidos, trade-offs e lideranca tecnica.";"GRADE_RECONSTRUIDA_CONTINUIDADE_FINAL_POS_635";"Gerar somente quando chegar nesta aula. Validar contra a aula anterior imediata, manter numeracao, modulo, laboratorio, escopo e ponte."
"644";"M19.34";"M19";"Arquitetura, DDD, sistemas distribuidos e lideranca tecnica";"PLANEJADA_RECONSTRUIDA";"Aula pratica guiada";"ADR";"644_M19_34_ADR_OFICIAL.md";"Aula planejada: ADR. Formar raciocinio de engenharia e arquitetura: fronteiras, DDD, sistemas distribuidos, trade-offs e lideranca tecnica.";"GRADE_RECONSTRUIDA_CONTINUIDADE_FINAL_POS_635";"Gerar somente quando chegar nesta aula. Validar contra a aula anterior imediata, manter numeracao, modulo, laboratorio, escopo e ponte."
"645";"M19.35";"M19";"Arquitetura, DDD, sistemas distribuidos e lideranca tecnica";"PLANEJADA_RECONSTRUIDA";"Aula pratica guiada";"RFC tecnico";"645_M19_35_RFC_TECNICO_OFICIAL.md";"Aula planejada: RFC tecnico. Formar raciocinio de engenharia e arquitetura: fronteiras, DDD, sistemas distribuidos, trade-offs e lideranca tecnica.";"GRADE_RECONSTRUIDA_CONTINUIDADE_FINAL_POS_635";"Gerar somente quando chegar nesta aula. Validar contra a aula anterior imediata, manter numeracao, modulo, laboratorio, escopo e ponte."
"646";"M19.36";"M19";"Arquitetura, DDD, sistemas distribuidos e lideranca tecnica";"PLANEJADA_RECONSTRUIDA";"Aula pratica guiada";"C4 Model";"646_M19_36_C4_MODEL_OFICIAL.md";"Aula planejada: C4 Model. Formar raciocinio de engenharia e arquitetura: fronteiras, DDD, sistemas distribuidos, trade-offs e lideranca tecnica.";"GRADE_RECONSTRUIDA_CONTINUIDADE_FINAL_POS_635";"Gerar somente quando chegar nesta aula. Validar contra a aula anterior imediata, manter numeracao, modulo, laboratorio, escopo e ponte."
"647";"M19.37";"M19";"Arquitetura, DDD, sistemas distribuidos e lideranca tecnica";"PLANEJADA_RECONSTRUIDA";"Aula pratica guiada";"Fitness functions arquiteturais";"647_M19_37_FITNESS_FUNCTIONS_ARQUITETURAIS_OFICIAL.md";"Aula planejada: Fitness functions arquiteturais. Formar raciocinio de engenharia e arquitetura: fronteiras, DDD, sistemas distribuidos, trade-offs e lideranca tecnica.";"GRADE_RECONSTRUIDA_CONTINUIDADE_FINAL_POS_635";"Gerar somente quando chegar nesta aula. Validar contra a aula anterior imediata, manter numeracao, modulo, laboratorio, escopo e ponte."
"648";"M19.38";"M19";"Arquitetura, DDD, sistemas distribuidos e lideranca tecnica";"PLANEJADA_RECONSTRUIDA";"Aula pratica guiada";"ArchUnit avancado";"648_M19_38_ARCHUNIT_AVANCADO_OFICIAL.md";"Aula planejada: ArchUnit avancado. Formar raciocinio de engenharia e arquitetura: fronteiras, DDD, sistemas distribuidos, trade-offs e lideranca tecnica.";"GRADE_RECONSTRUIDA_CONTINUIDADE_FINAL_POS_635";"Gerar somente quando chegar nesta aula. Validar contra a aula anterior imediata, manter numeracao, modulo, laboratorio, escopo e ponte."
"649";"M19.39";"M19";"Arquitetura, DDD, sistemas distribuidos e lideranca tecnica";"PLANEJADA_RECONSTRUIDA";"Aula pratica guiada";"Evolucao controlada da arquitetura";"649_M19_39_EVOLUCAO_CONTROLADA_DA_ARQUITETURA_OFICIAL.md";"Aula planejada: Evolucao controlada da arquitetura. Formar raciocinio de engenharia e arquitetura: fronteiras, DDD, sistemas distribuidos, trade-offs e lideranca tecnica.";"GRADE_RECONSTRUIDA_CONTINUIDADE_FINAL_POS_635";"Gerar somente quando chegar nesta aula. Validar contra a aula anterior imediata, manter numeracao, modulo, laboratorio, escopo e ponte."
"650";"M19.40";"M19";"Arquitetura, DDD, sistemas distribuidos e lideranca tecnica";"PLANEJADA_RECONSTRUIDA";"Aula pratica guiada";"Modernizacao de legado";"650_M19_40_MODERNIZACAO_DE_LEGADO_OFICIAL.md";"Aula planejada: Modernizacao de legado. Formar raciocinio de engenharia e arquitetura: fronteiras, DDD, sistemas distribuidos, trade-offs e lideranca tecnica.";"GRADE_RECONSTRUIDA_CONTINUIDADE_FINAL_POS_635";"Gerar somente quando chegar nesta aula. Validar contra a aula anterior imediata, manter numeracao, modulo, laboratorio, escopo e ponte."
"651";"M19.41";"M19";"Arquitetura, DDD, sistemas distribuidos e lideranca tecnica";"PLANEJADA_RECONSTRUIDA";"Aula pratica guiada";"Strangler Fig";"651_M19_41_STRANGLER_FIG_OFICIAL.md";"Aula planejada: Strangler Fig. Formar raciocinio de engenharia e arquitetura: fronteiras, DDD, sistemas distribuidos, trade-offs e lideranca tecnica.";"GRADE_RECONSTRUIDA_CONTINUIDADE_FINAL_POS_635";"Gerar somente quando chegar nesta aula. Validar contra a aula anterior imediata, manter numeracao, modulo, laboratorio, escopo e ponte."
"652";"M19.42";"M19";"Arquitetura, DDD, sistemas distribuidos e lideranca tecnica";"PLANEJADA_RECONSTRUIDA";"Aula pratica guiada";"Microservicos com criterio";"652_M19_42_MICROSERVICOS_COM_CRITERIO_OFICIAL.md";"Aula planejada: Microservicos com criterio. Formar raciocinio de engenharia e arquitetura: fronteiras, DDD, sistemas distribuidos, trade-offs e lideranca tecnica.";"GRADE_RECONSTRUIDA_CONTINUIDADE_FINAL_POS_635";"Gerar somente quando chegar nesta aula. Validar contra a aula anterior imediata, manter numeracao, modulo, laboratorio, escopo e ponte."
"653";"M19.43";"M19";"Arquitetura, DDD, sistemas distribuidos e lideranca tecnica";"PLANEJADA_RECONSTRUIDA";"Aula pratica guiada";"Anti patterns de microservicos";"653_M19_43_ANTI_PATTERNS_DE_MICROSERVICOS_OFICIAL.md";"Aula planejada: Anti patterns de microservicos. Formar raciocinio de engenharia e arquitetura: fronteiras, DDD, sistemas distribuidos, trade-offs e lideranca tecnica.";"GRADE_RECONSTRUIDA_CONTINUIDADE_FINAL_POS_635";"Gerar somente quando chegar nesta aula. Validar contra a aula anterior imediata, manter numeracao, modulo, laboratorio, escopo e ponte."
"654";"M19.44";"M19";"Arquitetura, DDD, sistemas distribuidos e lideranca tecnica";"PLANEJADA_RECONSTRUIDA";"Aula pratica guiada";"Transacoes distribuidas e Saga revisitada";"654_M19_44_TRANSACOES_DISTRIBUIDAS_E_SAGA_REVISITADA_OFICIAL.md";"Aula planejada: Transacoes distribuidas e Saga revisitada. Formar raciocinio de engenharia e arquitetura: fronteiras, DDD, sistemas distribuidos, trade-offs e lideranca tecnica.";"GRADE_RECONSTRUIDA_CONTINUIDADE_FINAL_POS_635";"Gerar somente quando chegar nesta aula. Validar contra a aula anterior imediata, manter numeracao, modulo, laboratorio, escopo e ponte."
"655";"M19.45";"M19";"Arquitetura, DDD, sistemas distribuidos e lideranca tecnica";"PLANEJADA_RECONSTRUIDA";"Aula pratica guiada";"Observabilidade como decisao arquitetural";"655_M19_45_OBSERVABILIDADE_COMO_DECISAO_ARQUITETURAL_OFICIAL.md";"Aula planejada: Observabilidade como decisao arquitetural. Formar raciocinio de engenharia e arquitetura: fronteiras, DDD, sistemas distribuidos, trade-offs e lideranca tecnica.";"GRADE_RECONSTRUIDA_CONTINUIDADE_FINAL_POS_635";"Gerar somente quando chegar nesta aula. Validar contra a aula anterior imediata, manter numeracao, modulo, laboratorio, escopo e ponte."
"656";"M19.46";"M19";"Arquitetura, DDD, sistemas distribuidos e lideranca tecnica";"PLANEJADA_RECONSTRUIDA";"Aula pratica guiada";"Seguranca como decisao arquitetural";"656_M19_46_SEGURANCA_COMO_DECISAO_ARQUITETURAL_OFICIAL.md";"Aula planejada: Seguranca como decisao arquitetural. Formar raciocinio de engenharia e arquitetura: fronteiras, DDD, sistemas distribuidos, trade-offs e lideranca tecnica.";"GRADE_RECONSTRUIDA_CONTINUIDADE_FINAL_POS_635";"Gerar somente quando chegar nesta aula. Validar contra a aula anterior imediata, manter numeracao, modulo, laboratorio, escopo e ponte."
"657";"M19.47";"M19";"Arquitetura, DDD, sistemas distribuidos e lideranca tecnica";"PLANEJADA_RECONSTRUIDA";"Aula pratica guiada";"Performance como decisao arquitetural";"657_M19_47_PERFORMANCE_COMO_DECISAO_ARQUITETURAL_OFICIAL.md";"Aula planejada: Performance como decisao arquitetural. Formar raciocinio de engenharia e arquitetura: fronteiras, DDD, sistemas distribuidos, trade-offs e lideranca tecnica.";"GRADE_RECONSTRUIDA_CONTINUIDADE_FINAL_POS_635";"Gerar somente quando chegar nesta aula. Validar contra a aula anterior imediata, manter numeracao, modulo, laboratorio, escopo e ponte."
"658";"M19.48";"M19";"Arquitetura, DDD, sistemas distribuidos e lideranca tecnica";"PLANEJADA_RECONSTRUIDA";"Aula pratica guiada";"Code review arquitetural";"658_M19_48_CODE_REVIEW_ARQUITETURAL_OFICIAL.md";"Aula planejada: Code review arquitetural. Formar raciocinio de engenharia e arquitetura: fronteiras, DDD, sistemas distribuidos, trade-offs e lideranca tecnica.";"GRADE_RECONSTRUIDA_CONTINUIDADE_FINAL_POS_635";"Gerar somente quando chegar nesta aula. Validar contra a aula anterior imediata, manter numeracao, modulo, laboratorio, escopo e ponte."
"659";"M19.49";"M19";"Arquitetura, DDD, sistemas distribuidos e lideranca tecnica";"PLANEJADA_RECONSTRUIDA";"Aula pratica guiada";"Lideranca tecnica";"659_M19_49_LIDERANCA_TECNICA_OFICIAL.md";"Aula planejada: Lideranca tecnica. Formar raciocinio de engenharia e arquitetura: fronteiras, DDD, sistemas distribuidos, trade-offs e lideranca tecnica.";"GRADE_RECONSTRUIDA_CONTINUIDADE_FINAL_POS_635";"Gerar somente quando chegar nesta aula. Validar contra a aula anterior imediata, manter numeracao, modulo, laboratorio, escopo e ponte."
"660";"M19.50";"M19";"Arquitetura, DDD, sistemas distribuidos e lideranca tecnica";"PLANEJADA_RECONSTRUIDA";"Aula pratica guiada";"Mentoria e comunicacao tecnica";"660_M19_50_MENTORIA_E_COMUNICACAO_TECNICA_OFICIAL.md";"Aula planejada: Mentoria e comunicacao tecnica. Formar raciocinio de engenharia e arquitetura: fronteiras, DDD, sistemas distribuidos, trade-offs e lideranca tecnica.";"GRADE_RECONSTRUIDA_CONTINUIDADE_FINAL_POS_635";"Gerar somente quando chegar nesta aula. Validar contra a aula anterior imediata, manter numeracao, modulo, laboratorio, escopo e ponte."
"661";"M19.51";"M19";"Arquitetura, DDD, sistemas distribuidos e lideranca tecnica";"PLANEJADA_RECONSTRUIDA";"Aula pratica guiada";"Arquitetura corporativa brasileira";"661_M19_51_ARQUITETURA_CORPORATIVA_BRASILEIRA_OFICIAL.md";"Aula planejada: Arquitetura corporativa brasileira. Formar raciocinio de engenharia e arquitetura: fronteiras, DDD, sistemas distribuidos, trade-offs e lideranca tecnica.";"GRADE_RECONSTRUIDA_CONTINUIDADE_FINAL_POS_635";"Gerar somente quando chegar nesta aula. Validar contra a aula anterior imediata, manter numeracao, modulo, laboratorio, escopo e ponte."
"662";"M19.52";"M19";"Arquitetura, DDD, sistemas distribuidos e lideranca tecnica";"PLANEJADA_RECONSTRUIDA";"Aula pratica guiada";"Governanca tecnica leve";"662_M19_52_GOVERNANCA_TECNICA_LEVE_OFICIAL.md";"Aula planejada: Governanca tecnica leve. Formar raciocinio de engenharia e arquitetura: fronteiras, DDD, sistemas distribuidos, trade-offs e lideranca tecnica.";"GRADE_RECONSTRUIDA_CONTINUIDADE_FINAL_POS_635";"Gerar somente quando chegar nesta aula. Validar contra a aula anterior imediata, manter numeracao, modulo, laboratorio, escopo e ponte."
"663";"M19.53";"M19";"Arquitetura, DDD, sistemas distribuidos e lideranca tecnica";"PLANEJADA_RECONSTRUIDA";"Aula pratica guiada";"Documentacao arquitetural viva";"663_M19_53_DOCUMENTACAO_ARQUITETURAL_VIVA_OFICIAL.md";"Aula planejada: Documentacao arquitetural viva. Formar raciocinio de engenharia e arquitetura: fronteiras, DDD, sistemas distribuidos, trade-offs e lideranca tecnica.";"GRADE_RECONSTRUIDA_CONTINUIDADE_FINAL_POS_635";"Gerar somente quando chegar nesta aula. Validar contra a aula anterior imediata, manter numeracao, modulo, laboratorio, escopo e ponte."
"664";"M19.54";"M19";"Arquitetura, DDD, sistemas distribuidos e lideranca tecnica";"PLANEJADA_RECONSTRUIDA";"Projeto pratico guiado";"Projeto arquitetura OS parte 1";"664_M19_54_PROJETO_ARQUITETURA_OS_PARTE_1_OFICIAL.md";"Aula planejada: Projeto arquitetura OS parte 1. Formar raciocinio de engenharia e arquitetura: fronteiras, DDD, sistemas distribuidos, trade-offs e lideranca tecnica.";"GRADE_RECONSTRUIDA_CONTINUIDADE_FINAL_POS_635";"Gerar somente quando chegar nesta aula. Validar contra a aula anterior imediata, manter numeracao, modulo, laboratorio, escopo e ponte."
"665";"M19.55";"M19";"Arquitetura, DDD, sistemas distribuidos e lideranca tecnica";"PLANEJADA_RECONSTRUIDA";"Projeto pratico guiado";"Projeto arquitetura OS parte 2";"665_M19_55_PROJETO_ARQUITETURA_OS_PARTE_2_OFICIAL.md";"Aula planejada: Projeto arquitetura OS parte 2. Formar raciocinio de engenharia e arquitetura: fronteiras, DDD, sistemas distribuidos, trade-offs e lideranca tecnica.";"GRADE_RECONSTRUIDA_CONTINUIDADE_FINAL_POS_635";"Gerar somente quando chegar nesta aula. Validar contra a aula anterior imediata, manter numeracao, modulo, laboratorio, escopo e ponte."
"666";"M19.56";"M19";"Arquitetura, DDD, sistemas distribuidos e lideranca tecnica";"PLANEJADA_RECONSTRUIDA";"Revisao tecnica";"Revisao arquitetura parte 1";"666_M19_56_REVISAO_ARQUITETURA_PARTE_1_OFICIAL.md";"Aula planejada: Revisao arquitetura parte 1. Formar raciocinio de engenharia e arquitetura: fronteiras, DDD, sistemas distribuidos, trade-offs e lideranca tecnica.";"GRADE_RECONSTRUIDA_CONTINUIDADE_FINAL_POS_635";"Gerar somente quando chegar nesta aula. Validar contra a aula anterior imediata, manter numeracao, modulo, laboratorio, escopo e ponte."
"667";"M19.57";"M19";"Arquitetura, DDD, sistemas distribuidos e lideranca tecnica";"PLANEJADA_RECONSTRUIDA";"Revisao tecnica";"Revisao arquitetura parte 2";"667_M19_57_REVISAO_ARQUITETURA_PARTE_2_OFICIAL.md";"Aula planejada: Revisao arquitetura parte 2. Formar raciocinio de engenharia e arquitetura: fronteiras, DDD, sistemas distribuidos, trade-offs e lideranca tecnica.";"GRADE_RECONSTRUIDA_CONTINUIDADE_FINAL_POS_635";"Gerar somente quando chegar nesta aula. Validar contra a aula anterior imediata, manter numeracao, modulo, laboratorio, escopo e ponte."
"668";"M19.58";"M19";"Arquitetura, DDD, sistemas distribuidos e lideranca tecnica";"PLANEJADA_RECONSTRUIDA";"Avaliacao pratica";"Prova pratica arquitetura";"668_M19_58_PROVA_PRATICA_ARQUITETURA_OFICIAL.md";"Aula planejada: Prova pratica arquitetura. Formar raciocinio de engenharia e arquitetura: fronteiras, DDD, sistemas distribuidos, trade-offs e lideranca tecnica.";"GRADE_RECONSTRUIDA_CONTINUIDADE_FINAL_POS_635";"Gerar somente quando chegar nesta aula. Validar contra a aula anterior imediata, manter numeracao, modulo, laboratorio, escopo e ponte."
"669";"M19.59";"M19";"Arquitetura, DDD, sistemas distribuidos e lideranca tecnica";"PLANEJADA_RECONSTRUIDA";"Aula pratica guiada";"Checklist de arquiteto Java";"669_M19_59_CHECKLIST_DE_ARQUITETO_JAVA_OFICIAL.md";"Aula planejada: Checklist de arquiteto Java. Formar raciocinio de engenharia e arquitetura: fronteiras, DDD, sistemas distribuidos, trade-offs e lideranca tecnica.";"GRADE_RECONSTRUIDA_CONTINUIDADE_FINAL_POS_635";"Gerar somente quando chegar nesta aula. Validar contra a aula anterior imediata, manter numeracao, modulo, laboratorio, escopo e ponte."
"670";"M19.60";"M19";"Arquitetura, DDD, sistemas distribuidos e lideranca tecnica";"PLANEJADA_RECONSTRUIDA";"Fechamento de modulo";"Fechamento do Modulo 19";"670_M19_60_FECHAMENTO_DO_MODULO_19_OFICIAL.md";"Aula planejada: Fechamento do Modulo 19. Formar raciocinio de engenharia e arquitetura: fronteiras, DDD, sistemas distribuidos, trade-offs e lideranca tecnica.";"GRADE_RECONSTRUIDA_CONTINUIDADE_FINAL_POS_635";"Gerar somente quando chegar nesta aula. Validar contra a aula anterior imediata, manter numeracao, modulo, laboratorio, escopo e ponte."
"671";"M20.01";"M20";"Projeto final, carreira, entrevistas e defesa tecnica";"PLANEJADA_RECONSTRUIDA";"Projeto pratico guiado";"Definicao projeto final";"671_M20_01_DEFINICAO_PROJETO_FINAL_OFICIAL.md";"Aula planejada: Definicao projeto final. Consolidar tudo em projeto final defensavel, portfolio, entrevistas, narrativa tecnica e banca final.";"GRADE_RECONSTRUIDA_CONTINUIDADE_FINAL_POS_635";"Gerar somente quando chegar nesta aula. Validar contra a aula anterior imediata, manter numeracao, modulo, laboratorio, escopo e ponte."
"672";"M20.02";"M20";"Projeto final, carreira, entrevistas e defesa tecnica";"PLANEJADA_RECONSTRUIDA";"Projeto pratico guiado";"Backlog projeto final";"672_M20_02_BACKLOG_PROJETO_FINAL_OFICIAL.md";"Aula planejada: Backlog projeto final. Consolidar tudo em projeto final defensavel, portfolio, entrevistas, narrativa tecnica e banca final.";"GRADE_RECONSTRUIDA_CONTINUIDADE_FINAL_POS_635";"Gerar somente quando chegar nesta aula. Validar contra a aula anterior imediata, manter numeracao, modulo, laboratorio, escopo e ponte."
"673";"M20.03";"M20";"Projeto final, carreira, entrevistas e defesa tecnica";"PLANEJADA_RECONSTRUIDA";"Aula pratica guiada";"Escopo funcional";"673_M20_03_ESCOPO_FUNCIONAL_OFICIAL.md";"Aula planejada: Escopo funcional. Consolidar tudo em projeto final defensavel, portfolio, entrevistas, narrativa tecnica e banca final.";"GRADE_RECONSTRUIDA_CONTINUIDADE_FINAL_POS_635";"Gerar somente quando chegar nesta aula. Validar contra a aula anterior imediata, manter numeracao, modulo, laboratorio, escopo e ponte."
"674";"M20.04";"M20";"Projeto final, carreira, entrevistas e defesa tecnica";"PLANEJADA_RECONSTRUIDA";"Aula pratica guiada";"Modelagem dominio final";"674_M20_04_MODELAGEM_DOMINIO_FINAL_OFICIAL.md";"Aula planejada: Modelagem dominio final. Consolidar tudo em projeto final defensavel, portfolio, entrevistas, narrativa tecnica e banca final.";"GRADE_RECONSTRUIDA_CONTINUIDADE_FINAL_POS_635";"Gerar somente quando chegar nesta aula. Validar contra a aula anterior imediata, manter numeracao, modulo, laboratorio, escopo e ponte."
"675";"M20.05";"M20";"Projeto final, carreira, entrevistas e defesa tecnica";"PLANEJADA_RECONSTRUIDA";"Aula pratica guiada";"Modelagem banco final";"675_M20_05_MODELAGEM_BANCO_FINAL_OFICIAL.md";"Aula planejada: Modelagem banco final. Consolidar tudo em projeto final defensavel, portfolio, entrevistas, narrativa tecnica e banca final.";"GRADE_RECONSTRUIDA_CONTINUIDADE_FINAL_POS_635";"Gerar somente quando chegar nesta aula. Validar contra a aula anterior imediata, manter numeracao, modulo, laboratorio, escopo e ponte."
"676";"M20.06";"M20";"Projeto final, carreira, entrevistas e defesa tecnica";"PLANEJADA_RECONSTRUIDA";"Aula pratica guiada";"Arquitetura C4 final";"676_M20_06_ARQUITETURA_C4_FINAL_OFICIAL.md";"Aula planejada: Arquitetura C4 final. Consolidar tudo em projeto final defensavel, portfolio, entrevistas, narrativa tecnica e banca final.";"GRADE_RECONSTRUIDA_CONTINUIDADE_FINAL_POS_635";"Gerar somente quando chegar nesta aula. Validar contra a aula anterior imediata, manter numeracao, modulo, laboratorio, escopo e ponte."
"677";"M20.07";"M20";"Projeto final, carreira, entrevistas e defesa tecnica";"PLANEJADA_RECONSTRUIDA";"Projeto pratico guiado";"ADRs do projeto";"677_M20_07_ADRS_DO_PROJETO_OFICIAL.md";"Aula planejada: ADRs do projeto. Consolidar tudo em projeto final defensavel, portfolio, entrevistas, narrativa tecnica e banca final.";"GRADE_RECONSTRUIDA_CONTINUIDADE_FINAL_POS_635";"Gerar somente quando chegar nesta aula. Validar contra a aula anterior imediata, manter numeracao, modulo, laboratorio, escopo e ponte."
"678";"M20.08";"M20";"Projeto final, carreira, entrevistas e defesa tecnica";"PLANEJADA_RECONSTRUIDA";"Aula pratica guiada";"Configuracao repositorio profissional";"678_M20_08_CONFIGURACAO_REPOSITORIO_PROFISSIONAL_OFICIAL.md";"Aula planejada: Configuracao repositorio profissional. Consolidar tudo em projeto final defensavel, portfolio, entrevistas, narrativa tecnica e banca final.";"GRADE_RECONSTRUIDA_CONTINUIDADE_FINAL_POS_635";"Gerar somente quando chegar nesta aula. Validar contra a aula anterior imediata, manter numeracao, modulo, laboratorio, escopo e ponte."
"679";"M20.09";"M20";"Projeto final, carreira, entrevistas e defesa tecnica";"PLANEJADA_RECONSTRUIDA";"Aula pratica guiada";"Implementacao dominio";"679_M20_09_IMPLEMENTACAO_DOMINIO_OFICIAL.md";"Aula planejada: Implementacao dominio. Consolidar tudo em projeto final defensavel, portfolio, entrevistas, narrativa tecnica e banca final.";"GRADE_RECONSTRUIDA_CONTINUIDADE_FINAL_POS_635";"Gerar somente quando chegar nesta aula. Validar contra a aula anterior imediata, manter numeracao, modulo, laboratorio, escopo e ponte."
"680";"M20.10";"M20";"Projeto final, carreira, entrevistas e defesa tecnica";"PLANEJADA_RECONSTRUIDA";"Aula pratica guiada";"Implementacao casos de uso";"680_M20_10_IMPLEMENTACAO_CASOS_DE_USO_OFICIAL.md";"Aula planejada: Implementacao casos de uso. Consolidar tudo em projeto final defensavel, portfolio, entrevistas, narrativa tecnica e banca final.";"GRADE_RECONSTRUIDA_CONTINUIDADE_FINAL_POS_635";"Gerar somente quando chegar nesta aula. Validar contra a aula anterior imediata, manter numeracao, modulo, laboratorio, escopo e ponte."
"681";"M20.11";"M20";"Projeto final, carreira, entrevistas e defesa tecnica";"PLANEJADA_RECONSTRUIDA";"Aula pratica guiada";"Implementacao persistencia";"681_M20_11_IMPLEMENTACAO_PERSISTENCIA_OFICIAL.md";"Aula planejada: Implementacao persistencia. Consolidar tudo em projeto final defensavel, portfolio, entrevistas, narrativa tecnica e banca final.";"GRADE_RECONSTRUIDA_CONTINUIDADE_FINAL_POS_635";"Gerar somente quando chegar nesta aula. Validar contra a aula anterior imediata, manter numeracao, modulo, laboratorio, escopo e ponte."
"682";"M20.12";"M20";"Projeto final, carreira, entrevistas e defesa tecnica";"PLANEJADA_RECONSTRUIDA";"Aula pratica guiada";"Implementacao API REST";"682_M20_12_IMPLEMENTACAO_API_REST_OFICIAL.md";"Aula planejada: Implementacao API REST. Consolidar tudo em projeto final defensavel, portfolio, entrevistas, narrativa tecnica e banca final.";"GRADE_RECONSTRUIDA_CONTINUIDADE_FINAL_POS_635";"Gerar somente quando chegar nesta aula. Validar contra a aula anterior imediata, manter numeracao, modulo, laboratorio, escopo e ponte."
"683";"M20.13";"M20";"Projeto final, carreira, entrevistas e defesa tecnica";"PLANEJADA_RECONSTRUIDA";"Aula pratica guiada";"Implementacao seguranca";"683_M20_13_IMPLEMENTACAO_SEGURANCA_OFICIAL.md";"Aula planejada: Implementacao seguranca. Consolidar tudo em projeto final defensavel, portfolio, entrevistas, narrativa tecnica e banca final.";"GRADE_RECONSTRUIDA_CONTINUIDADE_FINAL_POS_635";"Gerar somente quando chegar nesta aula. Validar contra a aula anterior imediata, manter numeracao, modulo, laboratorio, escopo e ponte."
"684";"M20.14";"M20";"Projeto final, carreira, entrevistas e defesa tecnica";"PLANEJADA_RECONSTRUIDA";"Aula pratica guiada";"Implementacao integracoes";"684_M20_14_IMPLEMENTACAO_INTEGRACOES_OFICIAL.md";"Aula planejada: Implementacao integracoes. Consolidar tudo em projeto final defensavel, portfolio, entrevistas, narrativa tecnica e banca final.";"GRADE_RECONSTRUIDA_CONTINUIDADE_FINAL_POS_635";"Gerar somente quando chegar nesta aula. Validar contra a aula anterior imediata, manter numeracao, modulo, laboratorio, escopo e ponte."
"685";"M20.15";"M20";"Projeto final, carreira, entrevistas e defesa tecnica";"PLANEJADA_RECONSTRUIDA";"Aula pratica guiada";"Implementacao mensageria";"685_M20_15_IMPLEMENTACAO_MENSAGERIA_OFICIAL.md";"Aula planejada: Implementacao mensageria. Consolidar tudo em projeto final defensavel, portfolio, entrevistas, narrativa tecnica e banca final.";"GRADE_RECONSTRUIDA_CONTINUIDADE_FINAL_POS_635";"Gerar somente quando chegar nesta aula. Validar contra a aula anterior imediata, manter numeracao, modulo, laboratorio, escopo e ponte."
"686";"M20.16";"M20";"Projeto final, carreira, entrevistas e defesa tecnica";"PLANEJADA_RECONSTRUIDA";"Aula pratica guiada";"Implementacao observabilidade";"686_M20_16_IMPLEMENTACAO_OBSERVABILIDADE_OFICIAL.md";"Aula planejada: Implementacao observabilidade. Consolidar tudo em projeto final defensavel, portfolio, entrevistas, narrativa tecnica e banca final.";"GRADE_RECONSTRUIDA_CONTINUIDADE_FINAL_POS_635";"Gerar somente quando chegar nesta aula. Validar contra a aula anterior imediata, manter numeracao, modulo, laboratorio, escopo e ponte."
"687";"M20.17";"M20";"Projeto final, carreira, entrevistas e defesa tecnica";"PLANEJADA_RECONSTRUIDA";"Projeto pratico guiado";"Docker do projeto final";"687_M20_17_DOCKER_DO_PROJETO_FINAL_OFICIAL.md";"Aula planejada: Docker do projeto final. Consolidar tudo em projeto final defensavel, portfolio, entrevistas, narrativa tecnica e banca final.";"GRADE_RECONSTRUIDA_CONTINUIDADE_FINAL_POS_635";"Gerar somente quando chegar nesta aula. Validar contra a aula anterior imediata, manter numeracao, modulo, laboratorio, escopo e ponte."
"688";"M20.18";"M20";"Projeto final, carreira, entrevistas e defesa tecnica";"PLANEJADA_RECONSTRUIDA";"Projeto pratico guiado";"CI CD do projeto final";"688_M20_18_CI_CD_DO_PROJETO_FINAL_OFICIAL.md";"Aula planejada: CI CD do projeto final. Consolidar tudo em projeto final defensavel, portfolio, entrevistas, narrativa tecnica e banca final.";"GRADE_RECONSTRUIDA_CONTINUIDADE_FINAL_POS_635";"Gerar somente quando chegar nesta aula. Validar contra a aula anterior imediata, manter numeracao, modulo, laboratorio, escopo e ponte."
"689";"M20.19";"M20";"Projeto final, carreira, entrevistas e defesa tecnica";"PLANEJADA_RECONSTRUIDA";"Aula pratica guiada";"Deploy ou simulacao";"689_M20_19_DEPLOY_OU_SIMULACAO_OFICIAL.md";"Aula planejada: Deploy ou simulacao. Consolidar tudo em projeto final defensavel, portfolio, entrevistas, narrativa tecnica e banca final.";"GRADE_RECONSTRUIDA_CONTINUIDADE_FINAL_POS_635";"Gerar somente quando chegar nesta aula. Validar contra a aula anterior imediata, manter numeracao, modulo, laboratorio, escopo e ponte."
"690";"M20.20";"M20";"Projeto final, carreira, entrevistas e defesa tecnica";"PLANEJADA_RECONSTRUIDA";"Projeto pratico guiado";"Testes unitarios projeto final";"690_M20_20_TESTES_UNITARIOS_PROJETO_FINAL_OFICIAL.md";"Aula planejada: Testes unitarios projeto final. Consolidar tudo em projeto final defensavel, portfolio, entrevistas, narrativa tecnica e banca final.";"GRADE_RECONSTRUIDA_CONTINUIDADE_FINAL_POS_635";"Gerar somente quando chegar nesta aula. Validar contra a aula anterior imediata, manter numeracao, modulo, laboratorio, escopo e ponte."
"691";"M20.21";"M20";"Projeto final, carreira, entrevistas e defesa tecnica";"PLANEJADA_RECONSTRUIDA";"Projeto pratico guiado";"Testes integracao projeto final";"691_M20_21_TESTES_INTEGRACAO_PROJETO_FINAL_OFICIAL.md";"Aula planejada: Testes integracao projeto final. Consolidar tudo em projeto final defensavel, portfolio, entrevistas, narrativa tecnica e banca final.";"GRADE_RECONSTRUIDA_CONTINUIDADE_FINAL_POS_635";"Gerar somente quando chegar nesta aula. Validar contra a aula anterior imediata, manter numeracao, modulo, laboratorio, escopo e ponte."
"692";"M20.22";"M20";"Projeto final, carreira, entrevistas e defesa tecnica";"PLANEJADA_RECONSTRUIDA";"Aula pratica guiada";"Testes contrato e seguranca final";"692_M20_22_TESTES_CONTRATO_E_SEGURANCA_FINAL_OFICIAL.md";"Aula planejada: Testes contrato e seguranca final. Consolidar tudo em projeto final defensavel, portfolio, entrevistas, narrativa tecnica e banca final.";"GRADE_RECONSTRUIDA_CONTINUIDADE_FINAL_POS_635";"Gerar somente quando chegar nesta aula. Validar contra a aula anterior imediata, manter numeracao, modulo, laboratorio, escopo e ponte."
"693";"M20.23";"M20";"Projeto final, carreira, entrevistas e defesa tecnica";"PLANEJADA_RECONSTRUIDA";"Aula pratica guiada";"Performance e carga basica final";"693_M20_23_PERFORMANCE_E_CARGA_BASICA_FINAL_OFICIAL.md";"Aula planejada: Performance e carga basica final. Consolidar tudo em projeto final defensavel, portfolio, entrevistas, narrativa tecnica e banca final.";"GRADE_RECONSTRUIDA_CONTINUIDADE_FINAL_POS_635";"Gerar somente quando chegar nesta aula. Validar contra a aula anterior imediata, manter numeracao, modulo, laboratorio, escopo e ponte."
"694";"M20.24";"M20";"Projeto final, carreira, entrevistas e defesa tecnica";"PLANEJADA_RECONSTRUIDA";"Aula pratica guiada";"Documentacao OpenAPI";"694_M20_24_DOCUMENTACAO_OPENAPI_OFICIAL.md";"Aula planejada: Documentacao OpenAPI. Consolidar tudo em projeto final defensavel, portfolio, entrevistas, narrativa tecnica e banca final.";"GRADE_RECONSTRUIDA_CONTINUIDADE_FINAL_POS_635";"Gerar somente quando chegar nesta aula. Validar contra a aula anterior imediata, manter numeracao, modulo, laboratorio, escopo e ponte."
"695";"M20.25";"M20";"Projeto final, carreira, entrevistas e defesa tecnica";"PLANEJADA_RECONSTRUIDA";"Aula pratica guiada";"Postman Collection";"695_M20_25_POSTMAN_COLLECTION_OFICIAL.md";"Aula planejada: Postman Collection. Consolidar tudo em projeto final defensavel, portfolio, entrevistas, narrativa tecnica e banca final.";"GRADE_RECONSTRUIDA_CONTINUIDADE_FINAL_POS_635";"Gerar somente quando chegar nesta aula. Validar contra a aula anterior imediata, manter numeracao, modulo, laboratorio, escopo e ponte."
"696";"M20.26";"M20";"Projeto final, carreira, entrevistas e defesa tecnica";"PLANEJADA_RECONSTRUIDA";"Aula pratica guiada";"README profissional";"696_M20_26_README_PROFISSIONAL_OFICIAL.md";"Aula planejada: README profissional. Consolidar tudo em projeto final defensavel, portfolio, entrevistas, narrativa tecnica e banca final.";"GRADE_RECONSTRUIDA_CONTINUIDADE_FINAL_POS_635";"Gerar somente quando chegar nesta aula. Validar contra a aula anterior imediata, manter numeracao, modulo, laboratorio, escopo e ponte."
"697";"M20.27";"M20";"Projeto final, carreira, entrevistas e defesa tecnica";"PLANEJADA_RECONSTRUIDA";"Aula pratica guiada";"Guia de execucao local";"697_M20_27_GUIA_DE_EXECUCAO_LOCAL_OFICIAL.md";"Aula planejada: Guia de execucao local. Consolidar tudo em projeto final defensavel, portfolio, entrevistas, narrativa tecnica e banca final.";"GRADE_RECONSTRUIDA_CONTINUIDADE_FINAL_POS_635";"Gerar somente quando chegar nesta aula. Validar contra a aula anterior imediata, manter numeracao, modulo, laboratorio, escopo e ponte."
"698";"M20.28";"M20";"Projeto final, carreira, entrevistas e defesa tecnica";"PLANEJADA_RECONSTRUIDA";"Projeto pratico guiado";"Runbook do projeto";"698_M20_28_RUNBOOK_DO_PROJETO_OFICIAL.md";"Aula planejada: Runbook do projeto. Consolidar tudo em projeto final defensavel, portfolio, entrevistas, narrativa tecnica e banca final.";"GRADE_RECONSTRUIDA_CONTINUIDADE_FINAL_POS_635";"Gerar somente quando chegar nesta aula. Validar contra a aula anterior imediata, manter numeracao, modulo, laboratorio, escopo e ponte."
"699";"M20.29";"M20";"Projeto final, carreira, entrevistas e defesa tecnica";"PLANEJADA_RECONSTRUIDA";"Aula pratica guiada";"Correcao tecnica final parte 1";"699_M20_29_CORRECAO_TECNICA_FINAL_PARTE_1_OFICIAL.md";"Aula planejada: Correcao tecnica final parte 1. Consolidar tudo em projeto final defensavel, portfolio, entrevistas, narrativa tecnica e banca final.";"GRADE_RECONSTRUIDA_CONTINUIDADE_FINAL_POS_635";"Gerar somente quando chegar nesta aula. Validar contra a aula anterior imediata, manter numeracao, modulo, laboratorio, escopo e ponte."
"700";"M20.30";"M20";"Projeto final, carreira, entrevistas e defesa tecnica";"PLANEJADA_RECONSTRUIDA";"Aula pratica guiada";"Correcao tecnica final parte 2";"700_M20_30_CORRECAO_TECNICA_FINAL_PARTE_2_OFICIAL.md";"Aula planejada: Correcao tecnica final parte 2. Consolidar tudo em projeto final defensavel, portfolio, entrevistas, narrativa tecnica e banca final.";"GRADE_RECONSTRUIDA_CONTINUIDADE_FINAL_POS_635";"Gerar somente quando chegar nesta aula. Validar contra a aula anterior imediata, manter numeracao, modulo, laboratorio, escopo e ponte."
"701";"M20.31";"M20";"Projeto final, carreira, entrevistas e defesa tecnica";"PLANEJADA_RECONSTRUIDA";"Aula pratica guiada";"Refatoracao arquitetural final";"701_M20_31_REFATORACAO_ARQUITETURAL_FINAL_OFICIAL.md";"Aula planejada: Refatoracao arquitetural final. Consolidar tudo em projeto final defensavel, portfolio, entrevistas, narrativa tecnica e banca final.";"GRADE_RECONSTRUIDA_CONTINUIDADE_FINAL_POS_635";"Gerar somente quando chegar nesta aula. Validar contra a aula anterior imediata, manter numeracao, modulo, laboratorio, escopo e ponte."
"702";"M20.32";"M20";"Projeto final, carreira, entrevistas e defesa tecnica";"PLANEJADA_RECONSTRUIDA";"Aula pratica guiada";"Narrativa tecnica portfolio";"702_M20_32_NARRATIVA_TECNICA_PORTFOLIO_OFICIAL.md";"Aula planejada: Narrativa tecnica portfolio. Consolidar tudo em projeto final defensavel, portfolio, entrevistas, narrativa tecnica e banca final.";"GRADE_RECONSTRUIDA_CONTINUIDADE_FINAL_POS_635";"Gerar somente quando chegar nesta aula. Validar contra a aula anterior imediata, manter numeracao, modulo, laboratorio, escopo e ponte."
"703";"M20.33";"M20";"Projeto final, carreira, entrevistas e defesa tecnica";"PLANEJADA_RECONSTRUIDA";"Aula pratica guiada";"Defesa de decisoes engenharia";"703_M20_33_DEFESA_DE_DECISOES_ENGENHARIA_OFICIAL.md";"Aula planejada: Defesa de decisoes engenharia. Consolidar tudo em projeto final defensavel, portfolio, entrevistas, narrativa tecnica e banca final.";"GRADE_RECONSTRUIDA_CONTINUIDADE_FINAL_POS_635";"Gerar somente quando chegar nesta aula. Validar contra a aula anterior imediata, manter numeracao, modulo, laboratorio, escopo e ponte."
"704";"M20.34";"M20";"Projeto final, carreira, entrevistas e defesa tecnica";"PLANEJADA_RECONSTRUIDA";"Aula pratica guiada";"Preparacao GitHub";"704_M20_34_PREPARACAO_GITHUB_OFICIAL.md";"Aula planejada: Preparacao GitHub. Consolidar tudo em projeto final defensavel, portfolio, entrevistas, narrativa tecnica e banca final.";"GRADE_RECONSTRUIDA_CONTINUIDADE_FINAL_POS_635";"Gerar somente quando chegar nesta aula. Validar contra a aula anterior imediata, manter numeracao, modulo, laboratorio, escopo e ponte."
"705";"M20.35";"M20";"Projeto final, carreira, entrevistas e defesa tecnica";"PLANEJADA_RECONSTRUIDA";"Aula pratica guiada";"Preparacao LinkedIn";"705_M20_35_PREPARACAO_LINKEDIN_OFICIAL.md";"Aula planejada: Preparacao LinkedIn. Consolidar tudo em projeto final defensavel, portfolio, entrevistas, narrativa tecnica e banca final.";"GRADE_RECONSTRUIDA_CONTINUIDADE_FINAL_POS_635";"Gerar somente quando chegar nesta aula. Validar contra a aula anterior imediata, manter numeracao, modulo, laboratorio, escopo e ponte."
"706";"M20.36";"M20";"Projeto final, carreira, entrevistas e defesa tecnica";"PLANEJADA_RECONSTRUIDA";"Aula pratica guiada";"Curriculo Java Backend";"706_M20_36_CURRICULO_JAVA_BACKEND_OFICIAL.md";"Aula planejada: Curriculo Java Backend. Consolidar tudo em projeto final defensavel, portfolio, entrevistas, narrativa tecnica e banca final.";"GRADE_RECONSTRUIDA_CONTINUIDADE_FINAL_POS_635";"Gerar somente quando chegar nesta aula. Validar contra a aula anterior imediata, manter numeracao, modulo, laboratorio, escopo e ponte."
"707";"M20.37";"M20";"Projeto final, carreira, entrevistas e defesa tecnica";"PLANEJADA_RECONSTRUIDA";"Aula pratica guiada";"Entrevista Java";"707_M20_37_ENTREVISTA_JAVA_OFICIAL.md";"Aula planejada: Entrevista Java. Consolidar tudo em projeto final defensavel, portfolio, entrevistas, narrativa tecnica e banca final.";"GRADE_RECONSTRUIDA_CONTINUIDADE_FINAL_POS_635";"Gerar somente quando chegar nesta aula. Validar contra a aula anterior imediata, manter numeracao, modulo, laboratorio, escopo e ponte."
"708";"M20.38";"M20";"Projeto final, carreira, entrevistas e defesa tecnica";"PLANEJADA_RECONSTRUIDA";"Aula pratica guiada";"Entrevista Spring JPA";"708_M20_38_ENTREVISTA_SPRING_JPA_OFICIAL.md";"Aula planejada: Entrevista Spring JPA. Consolidar tudo em projeto final defensavel, portfolio, entrevistas, narrativa tecnica e banca final.";"GRADE_RECONSTRUIDA_CONTINUIDADE_FINAL_POS_635";"Gerar somente quando chegar nesta aula. Validar contra a aula anterior imediata, manter numeracao, modulo, laboratorio, escopo e ponte."
"709";"M20.39";"M20";"Projeto final, carreira, entrevistas e defesa tecnica";"PLANEJADA_RECONSTRUIDA";"Aula pratica guiada";"Entrevista SQL banco";"709_M20_39_ENTREVISTA_SQL_BANCO_OFICIAL.md";"Aula planejada: Entrevista SQL banco. Consolidar tudo em projeto final defensavel, portfolio, entrevistas, narrativa tecnica e banca final.";"GRADE_RECONSTRUIDA_CONTINUIDADE_FINAL_POS_635";"Gerar somente quando chegar nesta aula. Validar contra a aula anterior imediata, manter numeracao, modulo, laboratorio, escopo e ponte."
"710";"M20.40";"M20";"Projeto final, carreira, entrevistas e defesa tecnica";"PLANEJADA_RECONSTRUIDA";"Aula pratica guiada";"Entrevista seguranca";"710_M20_40_ENTREVISTA_SEGURANCA_OFICIAL.md";"Aula planejada: Entrevista seguranca. Consolidar tudo em projeto final defensavel, portfolio, entrevistas, narrativa tecnica e banca final.";"GRADE_RECONSTRUIDA_CONTINUIDADE_FINAL_POS_635";"Gerar somente quando chegar nesta aula. Validar contra a aula anterior imediata, manter numeracao, modulo, laboratorio, escopo e ponte."
"711";"M20.41";"M20";"Projeto final, carreira, entrevistas e defesa tecnica";"PLANEJADA_RECONSTRUIDA";"Aula pratica guiada";"Entrevista DevOps cloud";"711_M20_41_ENTREVISTA_DEVOPS_CLOUD_OFICIAL.md";"Aula planejada: Entrevista DevOps cloud. Consolidar tudo em projeto final defensavel, portfolio, entrevistas, narrativa tecnica e banca final.";"GRADE_RECONSTRUIDA_CONTINUIDADE_FINAL_POS_635";"Gerar somente quando chegar nesta aula. Validar contra a aula anterior imediata, manter numeracao, modulo, laboratorio, escopo e ponte."
"712";"M20.42";"M20";"Projeto final, carreira, entrevistas e defesa tecnica";"PLANEJADA_RECONSTRUIDA";"Aula pratica guiada";"Entrevista arquitetura";"712_M20_42_ENTREVISTA_ARQUITETURA_OFICIAL.md";"Aula planejada: Entrevista arquitetura. Consolidar tudo em projeto final defensavel, portfolio, entrevistas, narrativa tecnica e banca final.";"GRADE_RECONSTRUIDA_CONTINUIDADE_FINAL_POS_635";"Gerar somente quando chegar nesta aula. Validar contra a aula anterior imediata, manter numeracao, modulo, laboratorio, escopo e ponte."
"713";"M20.43";"M20";"Projeto final, carreira, entrevistas e defesa tecnica";"PLANEJADA_RECONSTRUIDA";"Aula pratica guiada";"Live coding Java";"713_M20_43_LIVE_CODING_JAVA_OFICIAL.md";"Aula planejada: Live coding Java. Consolidar tudo em projeto final defensavel, portfolio, entrevistas, narrativa tecnica e banca final.";"GRADE_RECONSTRUIDA_CONTINUIDADE_FINAL_POS_635";"Gerar somente quando chegar nesta aula. Validar contra a aula anterior imediata, manter numeracao, modulo, laboratorio, escopo e ponte."
"714";"M20.44";"M20";"Projeto final, carreira, entrevistas e defesa tecnica";"PLANEJADA_RECONSTRUIDA";"Aula pratica guiada";"System design interview";"714_M20_44_SYSTEM_DESIGN_INTERVIEW_OFICIAL.md";"Aula planejada: System design interview. Consolidar tudo em projeto final defensavel, portfolio, entrevistas, narrativa tecnica e banca final.";"GRADE_RECONSTRUIDA_CONTINUIDADE_FINAL_POS_635";"Gerar somente quando chegar nesta aula. Validar contra a aula anterior imediata, manter numeracao, modulo, laboratorio, escopo e ponte."
"715";"M20.45";"M20";"Projeto final, carreira, entrevistas e defesa tecnica";"PLANEJADA_RECONSTRUIDA";"Aula pratica guiada";"Como ensinar o que aprendeu";"715_M20_45_COMO_ENSINAR_O_QUE_APRENDEU_OFICIAL.md";"Aula planejada: Como ensinar o que aprendeu. Consolidar tudo em projeto final defensavel, portfolio, entrevistas, narrativa tecnica e banca final.";"GRADE_RECONSTRUIDA_CONTINUIDADE_FINAL_POS_635";"Gerar somente quando chegar nesta aula. Validar contra a aula anterior imediata, manter numeracao, modulo, laboratorio, escopo e ponte."
"716";"M20.46";"M20";"Projeto final, carreira, entrevistas e defesa tecnica";"PLANEJADA_RECONSTRUIDA";"Aula ensinavel";"Aula ensinavel final";"716_M20_46_AULA_ENSINAVEL_FINAL_OFICIAL.md";"Aula planejada: Aula ensinavel final. Consolidar tudo em projeto final defensavel, portfolio, entrevistas, narrativa tecnica e banca final.";"GRADE_RECONSTRUIDA_CONTINUIDADE_FINAL_POS_635";"Gerar somente quando chegar nesta aula. Validar contra a aula anterior imediata, manter numeracao, modulo, laboratorio, escopo e ponte."
"717";"M20.47";"M20";"Projeto final, carreira, entrevistas e defesa tecnica";"PLANEJADA_RECONSTRUIDA";"Aula pratica guiada";"Banca tecnica simulada";"717_M20_47_BANCA_TECNICA_SIMULADA_OFICIAL.md";"Aula planejada: Banca tecnica simulada. Consolidar tudo em projeto final defensavel, portfolio, entrevistas, narrativa tecnica e banca final.";"GRADE_RECONSTRUIDA_CONTINUIDADE_FINAL_POS_635";"Gerar somente quando chegar nesta aula. Validar contra a aula anterior imediata, manter numeracao, modulo, laboratorio, escopo e ponte."
"718";"M20.48";"M20";"Projeto final, carreira, entrevistas e defesa tecnica";"PLANEJADA_RECONSTRUIDA";"Aula pratica guiada";"Plano de evolucao pos formacao";"718_M20_48_PLANO_DE_EVOLUCAO_POS_FORMACAO_OFICIAL.md";"Aula planejada: Plano de evolucao pos formacao. Consolidar tudo em projeto final defensavel, portfolio, entrevistas, narrativa tecnica e banca final.";"GRADE_RECONSTRUIDA_CONTINUIDADE_FINAL_POS_635";"Gerar somente quando chegar nesta aula. Validar contra a aula anterior imediata, manter numeracao, modulo, laboratorio, escopo e ponte."
"719";"M20.49";"M20";"Projeto final, carreira, entrevistas e defesa tecnica";"PLANEJADA_RECONSTRUIDA";"Aula pratica guiada";"Entrega final portfolio";"719_M20_49_ENTREGA_FINAL_PORTFOLIO_OFICIAL.md";"Aula planejada: Entrega final portfolio. Consolidar tudo em projeto final defensavel, portfolio, entrevistas, narrativa tecnica e banca final.";"GRADE_RECONSTRUIDA_CONTINUIDADE_FINAL_POS_635";"Gerar somente quando chegar nesta aula. Validar contra a aula anterior imediata, manter numeracao, modulo, laboratorio, escopo e ponte."
"720";"M20.50";"M20";"Projeto final, carreira, entrevistas e defesa tecnica";"PLANEJADA_RECONSTRUIDA";"Fechamento de modulo";"Fechamento da formacao";"720_M20_50_FECHAMENTO_DA_FORMACAO_OFICIAL.md";"Aula planejada: Fechamento da formacao. Consolidar tudo em projeto final defensavel, portfolio, entrevistas, narrativa tecnica e banca final.";"GRADE_RECONSTRUIDA_CONTINUIDADE_FINAL_POS_635";"Gerar somente quando chegar nesta aula. Validar contra a aula anterior imediata, manter numeracao, modulo, laboratorio, escopo e ponte."
